,artistName,artistId,songName,songId,availableMarket,songPopularity,danceability,energy,key,loudness,mode,speechiness,acousticness,instrumentalness,liveness,valence,tempo,aritstPopularity,artistGenre
0,M83,63MQldklfxkjYDoUE4Tppz,Midnight City,1eyzqe2QqGZUmfcPZtrIyt,"CA,US",71.0,0.4509246088193457,0.6961236980564802,1.0,0.6905859117840686,0.0,0.024593967517401387,0.016794023311459464,0.0,0.20757967269595173,0.2508710801393728,0.2629612368875044,71.0,"french shoegaze,indie pop,indietronica,metropopolis,neo-synthpop"
1,Daft Punk,4tZwfgrHOc3mvqYlEYSvVi,Get Lucky (feat. Pharrell Williams & Nile Rodgers) - Radio Edit,2Foc5Q5nqNiosCNqttzHof,"AD,AE,AR,AT,AU,BE,BG,BH,BO,BR,CA,CH,CL,CO,CR,CY,CZ,DE,DK,DO,DZ,EC,EE,EG,ES,FI,FR,GB,GR,GT,HK,HN,HU,ID,IE,IL,IN,IS,IT,JO,JP,KW,LB,LI,LT,LU,LV,MA,MC,MT,MX,MY,NI,NL,NO,NZ,OM,PA,PE,PH,PL,PS,PT,PY,QA,RO,SA,SE,SG,SK,SV,TH,TN,TR,TW,US,UY,VN,ZA",77.0,0.8321479374110953,0.8024267153441426,0.5454545454545454,0.5444969776767012,0.0,0.030162412993039435,0.04448555097884847,1.1419423692636071e-06,0.09560723514211886,0.8803716608594657,0.35320954646913105,80.0,"electro,filter house"
2,Foster The People,7gP3bB2nilZXLfPHJhMdvc,Pumped Up Kicks,7w87IxuO7BDcJ3YUqCyMTT,"AD,AE,AR,AT,AU,BE,BG,BH,BO,BR,CA,CH,CL,CO,CR,CY,CZ,DE,DK,DO,DZ,EC,EE,EG,ES,FI,FR,GB,GR,GT,HK,HN,HU,ID,IE,IL,IN,IS,IT,JO,JP,KW,LB,LI,LT,LU,LV,MA,MC,MT,MX,MY,NI,NL,NO,NZ,OM,PA,PE,PH,PL,PS,PT,PY,QA,RO,SA,SE,SG,SK,SV,TH,TN,TR,TW,US,UY,VN,ZA",84.0,0.45803698435277385,0.8131643938580478,0.18181818181818182,0.6734095397689869,1.0,0.04385150812064965,0.07322204195444083,0.1824973319103522,0.12862474877978752,0.27409988385598144,0.4602516618018594,64.0,"alternative dance,australian indie,indie pop,indietronica,modern rock"
3,Kanye West,5K4W6rqBFWDnAN6FQUkS6x,Black Skinhead,722tgOgdIbNe3BEyLnejw4,"AD,AE,AR,AT,AU,BE,BG,BH,BO,BR,CA,CH,CL,CO,CR,CY,CZ,DE,DK,DO,DZ,EC,EE,EG,ES,FI,FR,GB,GR,GT,HK,HN,HU,ID,IE,IL,IN,IS,IT,JO,JP,KW,LB,LI,LT,LU,LV,MA,MC,MT,MX,MY,NI,NL,NO,NZ,OM,PA,PE,PH,PL,PS,PT,PY,QA,RO,SA,SE,SG,SK,SV,TH,TN,TR,TW,US,UY,VN,ZA",76.0,0.12802275960170695,0.5898206807688178,0.6363636363636364,0.541743970315399,1.0,0.022505800464037128,0.017003015973100135,0.0038313767342582706,0.47889750215331606,0.23461091753774682,0.769481714047438,74.0,"irish rock,pop rock,rock"
4,fun.,5nCi3BB41mBaMH9gfr6Su0,We Are Young (feat. Janelle Monáe),7a86XRg84qjasly9f6bPSD,"AT,BG,CH,CZ,DE,DK,EE,FI,HU,IL,IS,LT,LV,NO,PL,RO,SE,SK,TR,US",72.0,0.6571834992887623,0.3321163964350907,0.8181818181818182,0.0,1.0,0.01693735498839908,0.26852568425764867,8.48452508004269e-05,0.019666953775480903,0.7293844367015099,0.16246003908198237,75.0,"album rock,mellow gold,rock,soft rock,yacht rock"
5,Nirvana,6olE6TJLqED3rqDCT0FyPh,Smells Like Teen Spirit,5ghIJDpPoe3CfHMGu71E6T,"CA,MX,US",76.0,0.3314366998577525,0.9441640717276925,0.2727272727272727,0.8892812256867558,1.0,0.08167053364269139,0.0030318565424212254,9.295624332977586e-06,0.08125179443008901,0.7862950058072008,0.09988798678734656,82.0,"permanent wave,pop punk,punk,rock"
6,Gotye,2AsusXITU8P25dlRNhcAbG,Somebody That I Used To Know,4wCmqSrbyCgxEXROQE6vtV,"CA,CR,MX,US",75.0,0.44665718349928885,0.4062063781810372,0.36363636363636365,0.23598060925249886,1.0,0.022505800464037128,0.019719920574428867,0.0005272145144076841,0.06316393913293138,0.2009291521486643,0.06733874594258715,71.0,"alternative rock,art rock,boston rock,garage rock,indie rock,modern rock,new wave,noise pop,permanent wave,rock"
7,Arctic Monkeys,7Ln80lUS6He07XvHI8qqHH,Do I Wanna Know?,5FVd6KXrgO9B3JPmC8OPst,"AD,AE,AR,AT,BE,BG,BH,BO,BR,CA,CH,CL,CO,CR,CY,CZ,DE,DK,DO,DZ,EC,EE,EG,ES,FI,FR,GB,GR,GT,HK,HN,HU,ID,IE,IL,IN,IS,IT,JO,JP,KW,LB,LI,LT,LU,LV,MA,MC,MT,MX,MY,NI,NL,NO,OM,PA,PE,PH,PL,PS,PT,PY,QA,RO,SA,SE,SG,SK,SV,TH,TN,TR,TW,US,UY,VN,ZA",83.0,0.9288762446657183,0.5844518415118651,0.6363636363636364,0.7960979113052847,1.0,0.035266821345707654,0.0038678271889839126,6.55282817502668e-06,0.07349985644559287,0.8501742160278746,0.3855462074942563,67.0,"dance pop,hip pop,neo soul,pop,r&b,urban contemporary"
8,Passenger,0gadJ2b9A4SKsB1RFkBb66,Let Her Go,0JmiBCpWc1IAc0et7Xm7FL,"CA,DO,MX,US",68.0,0.4978662873399715,0.30205089659615586,0.36363636363636365,0.27338560057454087,1.0,0.04849187935034804,0.060160000601898855,0.00011205976520811099,0.15302899799023828,0.4111498257839721,0.0959389078302959,84.0,"alternative rock,funk metal,funk rock,permanent wave,post-grunge,rock"
9,Loose Passenger Seat,5Dx4bvCuqjFyztRUYn82C5,I Let Her Go (acoustic mix),3Ssak9ZUFG3ctLs70oUyUX,"AD,AE,AR,AT,AU,BE,BG,BH,BO,BR,CA,CH,CL,CO,CR,CY,CZ,DE,DK,DO,DZ,EC,EE,EG,ES,FI,FR,GB,GR,GT,HK,HN,HU,ID,IE,IL,IN,IS,IT,JO,JP,KW,LB,LI,LT,LU,LV,MA,MC,MT,MX,MY,NI,NL,NO,NZ,OM,PA,PE,PH,PL,PS,PT,PY,QA,RO,SA,SE,SG,SK,SV,TH,TN,TR,TW,US,UY,VN,ZA",25.0,0.8008534850640113,0.667131966068936,0.4545454545454546,0.6711951642827221,1.0,0.10348027842227375,0.019824416905249203,9.562433297758804e-05,0.13867355727820843,0.4610917537746806,0.4675611371385119,75.0,"dance pop,pop,pop rap,post-teen pop"
10,The Temper Trap,4W48hZAnAHVOC2c8WH8pcq,Sweet Disposition,5RoIXwyTCdyUjpMMkk4uPd,US,66.0,0.8662873399715504,0.6886073230967464,0.5454545454545454,0.6813693219223175,1.0,0.35266821345707655,0.008706007305965463,0.002486659551760939,0.8306057995980476,0.7758420441347271,0.5372709656847113,79.0,"alternative hip hop,art pop,rock"
11,MGMT,0SwO7SWeDHJijQ3XNS7xEE,Kids,1jJci4qxiYcOHhQR247rEU,"AD,AE,AR,AT,AU,BE,BG,BH,BO,BR,CA,CH,CL,CO,CR,CY,CZ,DE,DK,DO,DZ,EC,EE,EG,ES,FI,FR,GB,GR,GT,HK,HN,HU,ID,IE,IL,IN,IS,IT,JO,JP,KW,LB,LI,LT,LU,LV,MA,MC,MT,MX,MY,NI,NL,NO,NZ,OM,PA,PE,PH,PL,PS,PT,PY,QA,RO,SA,SE,SG,SK,SV,TH,TN,TR,TW,US,UY,VN,ZA",77.0,0.507823613086771,0.6445828411897349,0.36363636363636365,0.7637201508169251,0.0,0.04965197215777261,0.662476851450315,0.0,0.11714039621016364,0.38675958188153314,0.45866548930151174,80.0,"folk-pop,irish singer-songwriter,pop"
12,Clean Bandit,6MDME20pz9RveH9rEXvrOM,Rather Be (feat. Jess Glynne),3s4U7OHV7gnj42VV72eSZ6,"AD,AE,AR,AT,AU,BE,BG,BH,BO,BR,CA,CH,CL,CO,CR,CY,CZ,DE,DK,DO,DZ,EC,EE,EG,ES,FI,FR,GB,GR,GT,HK,HN,HU,ID,IE,IL,IS,IT,JO,JP,KW,LB,LT,LU,LV,MA,MC,MT,MX,MY,NI,NL,NO,NZ,OM,PA,PE,PH,PL,PT,PY,QA,RO,SA,SE,SG,SK,SV,TH,TN,TR,TW,US,UY,VN,ZA",73.0,0.941678520625889,0.6843122516911844,0.4545454545454546,0.7463043868573824,0.0,0.04825986078886311,0.26852568425764867,8.025613660618995e-06,0.03517082974447315,0.7108013937282229,0.4425584798907666,68.0,"alternative dance,australian dance,australian electropop,dance-punk,electropop,indie pop,indietronica,modern rock,neo-synthpop,new rave,pop"
13,OneRepublic,5Pwc4xIPtQLFEnJriah9YJ,Counting Stars,6sy3LkhNFjJWlaeSMNwQ62,"CA,MX,US",74.0,0.3442389758179232,0.931278857511006,0.8181818181818182,0.8494224669339878,1.0,0.10881670533642693,0.0007642861636199366,0.005229455709711846,0.4688486936548951,0.07897793263646921,0.40973942619800996,74.0,"alternative dance,garage rock,indie pop,indie rock,indietronica,modern rock,rock"
14,Imagine Dragons,53XhwfbYqKCa1cC15pYq2q,Radioactive,4G8gkOterJn0Ywt6uhqbhp,"CA,US",73.0,0.03840682788051214,0.19896918286266507,0.5454545454545454,0.5068525944101981,0.0,0.02273781902552203,0.8474353570023094,1.0672358591248665e-06,0.07550961814527705,0.0894308943089431,0.0,89.0,pop
15,The Killers,0C0XlULifJtAgn6ZNCW2eu,Mr. Brightside,7oK9VyNzrYvRFo7nQEYkWN,"CA,MX,US",79.0,0.790896159317212,0.7777300547621604,0.2727272727272727,0.48883835058950276,1.0,0.01902552204176334,0.017316504965561145,0.6275346851654214,0.024260694803330457,0.9988385598141697,0.44177356978750193,72.0,"alternative metal,alternative rock,grunge,modern rock,permanent wave,pop rock,post-grunge,rock"
16,Mark Ronson,3hv9jJF3adDNsBSIQDqcjp,Uptown Funk,32OlwWuMpZ6b0aN2RZOeMS,"AD,AE,AR,AT,AU,BE,BG,BH,BO,BR,CA,CH,CL,CO,CR,CY,CZ,DE,DK,DO,DZ,EC,EE,EG,ES,FI,FR,GB,GR,GT,HK,HN,HU,ID,IE,IL,IN,IS,IT,JO,JP,KW,LB,LI,LT,LU,LV,MA,MC,MT,MX,MY,NI,NL,NO,NZ,OM,PA,PE,PH,PL,PS,PT,PY,QA,RO,SA,SE,SG,SK,SV,TH,TN,TR,TW,US,UY,VN,ZA",82.0,0.6486486486486487,0.6939761623536991,0.7272727272727273,0.5349811478843738,1.0,0.01531322505800465,0.03278196192697085,0.10213447171824971,0.4473155325868504,0.7142857142857144,0.442934582648581,51.0,"alternative metal,deathcore,djent,jazz metal,mathcore,melodic metalcore,progressive metal,progressive post-hardcore,sci-fi metal"
17,Rihanna,5pKCCKE2ajJHZ9KAiaK11H,We Found Love,6qn9YLKt13AGvpq9jfO8py,"AD,AR,AU,BG,BO,BR,CA,CL,CO,CR,CY,CZ,DO,EC,EE,ES,FI,GR,GT,HK,HN,HU,ID,IL,IN,IS,JP,LI,LT,LV,MC,MT,MY,NI,NL,NO,NZ,PA,PE,PH,PL,PT,PY,RO,SG,SK,SV,TH,TR,TW,US,VN,ZA",75.0,0.5746799431009957,0.5994845914313326,0.09090909090909091,0.734334789634329,0.0,0.019489559164733168,0.009186690427739008,0.0,0.48176859029572205,0.4413472706155632,0.05850850728085888,87.0,"dance pop,pop,post-teen pop"
18,AWOLNATION,4njdEjTnLfcGImKZu1iSrz,Sail,5xhQChGGhKLWqBqX4XhtYE,"AD,AE,AR,AT,BE,BG,BH,BO,BR,CA,CH,CL,CO,CR,CY,CZ,DE,DK,DO,DZ,EC,EE,EG,ES,FI,FR,GB,GR,GT,HN,HU,IE,IL,IN,IS,IT,JO,KW,LB,LI,LT,LU,LV,MA,MC,MT,MX,NI,NL,NO,OM,PA,PE,PL,PS,PT,PY,QA,RO,SA,SE,SK,SV,TN,TR,US,UY,ZA",74.0,0.4395448079658606,0.3621818962740255,0.8181818181818182,0.6272667424741158,0.0,0.007888631090487243,0.6708365579159419,0.0001974386339381003,0.12001148435256964,0.07781649245063879,0.15780781149075684,78.0,"arkansas country,outlaw country,traditional country"
19,Bruno Mars,0du5cEVh5yTK9QJze8zA0C,Locked Out of Heaven,3w3y8KPTfNeOKPiqUTakBh,"AE,AR,AT,AU,BE,BG,BH,BO,BR,CA,CH,CL,CO,CR,CY,CZ,DE,DK,DO,DZ,EC,EE,EG,ES,FI,FR,GB,GR,GT,HK,HN,HU,ID,IE,IL,IS,IT,JO,JP,KW,LB,LT,LU,LV,MA,MT,MX,MY,NI,NL,NO,NZ,OM,PA,PE,PH,PL,PT,PY,QA,RO,SA,SG,SK,SV,TH,TN,TR,TW,US,UY,VN,ZA",78.0,0.14509246088193456,0.0,0.6363636363636364,0.18104015799868334,1.0,0.025290023201856145,0.8380306872284793,1.8996798292422626e-05,0.11139821992535168,0.01626016260162602,0.7519929358090706,2.0,
20,Disclosure,6nS5roXSAGhTGr34W6n7Et,Latch,1DunhgeZSEgWiIYbHqXl0c,"CA,MX,US",70.0,0.8036984352773827,0.7433694835176634,0.09090909090909091,0.7821533305404275,1.0,0.03225058004640371,0.04417206198638746,0.0,0.38845822566752797,0.9605110336817654,0.5820190177177104,70.0,"pop,reggae fusion"
21,Radiohead,4Z8W4fKeB5YxbusRsdQVPb,Creep,6b2oQwSGFkzsMtQruIWm2p,"AD,AE,AR,AT,AU,BE,BG,BH,BO,BR,CA,CH,CL,CO,CR,CY,CZ,DE,DK,DO,DZ,EC,EE,EG,ES,FI,FR,GB,GR,GT,HK,HN,HU,ID,IE,IL,IN,IS,IT,JO,JP,KW,LB,LI,LT,LU,LV,MA,MC,MT,MX,MY,NI,NL,NO,NZ,OM,PA,PE,PH,PL,PS,PT,PY,QA,RO,SA,SE,SG,SK,SV,TH,TN,TR,TW,US,UY,VN,ZA",83.0,0.8392603129445234,0.5608289487812734,1.0,0.6780178346998624,1.0,0.029466357308584677,0.16925416997832954,2.166488794023479e-06,0.22767728969279355,0.5168408826945412,0.3934607177021756,80.0,"dance pop,edm,pop,post-teen pop,tropical house,uk dance,uk funky"
22,Radiohead Tribute Band,0ADkBHZhR2cVfANgK5gHQO,Creep,5FahOwrrzUZEoMp3qkH584,"AD,AE,AR,AT,AU,BE,BG,BH,BO,BR,CA,CH,CL,CO,CR,CY,CZ,DE,DK,DO,DZ,EC,EE,EG,ES,FI,FR,GB,GR,GT,HK,HN,HU,ID,IE,IL,IN,IS,IT,JO,JP,KW,LB,LI,LT,LU,LV,MA,MC,MT,MX,MY,NI,NL,NO,NZ,OM,PA,PE,PH,PL,PS,PT,PY,QA,RO,SA,SE,SG,SK,SV,TH,TN,TR,TW,US,UY,VN,ZA",15.0,0.6472261735419631,0.6886073230967464,0.09090909090909091,0.7835298342210786,0.0,0.030626450116009278,0.06831071440588506,0.0,0.11570485213896067,0.4332171893147503,0.4020211435159068,84.0,"dance pop,neo mellow,piano rock,pop,pop rock"
23,The Black Keys,7mnBLXK823vNxN3UWB7Gfz,Lonely Boy,5G1sTBGbZT5o4PNRc75RKI,"AD,AE,AR,AT,AU,BE,BG,BH,BO,BR,CA,CH,CL,CO,CR,CY,CZ,DE,DK,DO,DZ,EC,EE,EG,ES,FI,FR,GB,GR,GT,HK,HN,HU,ID,IE,IL,IS,IT,JO,JP,KW,LB,LI,LT,LU,LV,MA,MC,MT,MX,MY,NI,NL,NO,NZ,OM,PA,PE,PH,PL,PS,PT,PY,QA,RO,SA,SE,SG,SK,SV,TH,TN,TR,TW,US,UY,VN,ZA",74.0,0.3399715504978662,0.7734349833565983,0.8181818181818182,0.8604943443653122,1.0,0.0874709976798144,0.11073622471894141,0.0001152614727854856,0.9095607235142118,0.15331010452961674,0.5183513617372676,89.0,"modern rock,rock"
24,Mumford & Sons,3gd8FJtBJtkRxdfbTu19U2,I Will Wait,0hm8rgOY17z7kQJlqGKbu7,"CA,US",71.0,0.17211948790896164,0.9366476967679587,0.09090909090909091,0.8620503920043092,1.0,0.15475638051044083,0.0010986744222450117,0.0,0.08354866494401378,0.15098722415795585,0.6153776971064616,79.0,"indie rock,modern rock,permanent wave,rock"
25,Blur,7MhMgCo0Bl0Kukl93PZbYS,Song 2 - 2012 Remaster,1FTSo4v6BOZH9QxKc3MbVM,"AD,AE,AR,AT,AU,BE,BG,BH,BO,BR,CA,CH,CL,CO,CR,CY,CZ,DE,DK,DO,DZ,EC,EE,EG,ES,FI,FR,GB,GR,GT,HK,HN,HU,ID,IE,IL,IS,IT,JO,JP,KW,LB,LI,LT,LU,LV,MA,MC,MT,MX,MY,NI,NL,NO,NZ,OM,PA,PE,PH,PL,PS,PT,PY,QA,RO,SA,SE,SG,SK,SV,TH,TN,TR,TW,US,UY,VN,ZA",76.0,0.9203413940256046,0.5855256093632557,0.0,0.648812017475612,1.0,0.13317865429234338,0.008340270148094287,8.697972251867661e-05,0.0,0.9570267131242741,0.34455100689249185,80.0,"dance pop,pop"
26,Of Monsters and Men,4dwdTW1Lfiq0cM8nBAqIIz,Little Talks,2ihCaVdNZmnHZWt0fvAM7B,"AD,AE,AR,AT,AU,BE,BG,BH,BO,BR,CA,CH,CL,CO,CR,CY,CZ,DE,DK,DO,DZ,EC,EE,EG,ES,FI,FR,GB,GR,GT,HK,HN,HU,ID,IE,IL,IN,IT,JO,KW,LB,LI,LT,LU,LV,MA,MC,MT,MX,MY,NI,NL,NO,NZ,OM,PA,PE,PH,PL,PS,PT,PY,QA,RO,SA,SE,SG,SK,SV,TH,TN,TR,TW,US,UY,VN,ZA",76.0,0.7467994310099574,0.7541071620315687,0.09090909090909091,0.8126758034592136,1.0,0.030858468677494193,0.02609419675446936,0.001472785485592316,0.10565604364053979,0.5760743321718931,0.45082456441577345,89.0,"barbadian pop,dance pop,pop,post-teen pop,r&b,urban contemporary"
27,The White Stripes,4F84IBURUo98rz4r61KF70,Seven Nation Army,7i6r9KotUPQg3ozKKgEPIN,"CA,JP,MX,US",76.0,0.8762446657183499,0.3986900032213035,0.09090909090909091,0.5076306182296967,1.0,0.07378190255220418,0.4722935293573037,0.6499466382070437,0.08742463393626185,0.16144018583042974,0.3776644018739729,66.0,"indie pop,la indie,modern alternative rock,modern rock,rock,stomp pop"
28,The Karaoke Machine,1SpCo1CAtNQODuohiHGICI,Seven Nation Army (White Stripes Karaoke Tribute),5J0nPPJd5Yz2X1fzqkKISD,"AD,AE,AR,AT,AU,BE,BG,BH,BO,BR,CA,CH,CL,CO,CR,CY,CZ,DE,DK,DO,DZ,EC,EE,EG,ES,FI,FR,GB,GR,GT,HK,HN,HU,ID,IE,IL,IN,IS,IT,JO,JP,KW,LB,LI,LT,LU,LV,MA,MC,MT,MX,MY,NI,NL,NO,NZ,OM,PA,PE,PH,PL,PS,PT,PY,QA,RO,SA,SE,SG,SK,SV,TH,TN,TR,TW,US,UY,VN,ZA",0.0,0.7354196301564723,0.6810909481370128,0.4545454545454546,0.8318271590160993,1.0,0.0419953596287703,0.05117331615134997,0.0,0.3942004019523399,0.8861788617886178,0.581708324135168,88.0,"dance pop,pop,post-teen pop"
29,The Retro Spectres,4ZULQheLrsg2TXuMYSkTzp,Seven Nation Army (Originally Performed by White Stripes) [Instrumental],51fivJ5ukaHydr3nHfLfQh,"AD,AE,AR,AT,AU,BE,BG,BH,BO,BR,CA,CH,CL,CO,CR,CY,CZ,DE,DK,DO,DZ,EC,EE,EG,ES,FI,FR,GB,GR,GT,HK,HN,HU,ID,IE,IL,IN,IS,IT,JO,JP,KW,LB,LI,LT,LU,LV,MA,MC,MT,MX,MY,NI,NL,NO,NZ,OM,PA,PE,PH,PL,PS,PT,PY,QA,RO,SA,SE,SG,SK,SV,TH,TN,TR,TW,US,UY,VN,ZA",1.0,0.7453769559032716,0.6939761623536991,0.4545454545454546,0.7310431503979893,0.0,0.009744779582366588,0.15148979373887242,0.12273212379935966,0.08785529715762275,0.9999999999999999,0.45073462679977416,76.0,"indie pop,modern rock,pop,rock"
30,The Rock Heroes,0wp7cYNFjMgSHBDdla5aC9,Seven Nation Army (as made famous by White Stripes),79TRsvz0DA25MmNOMDvu6X,US,0.0,0.7396870554765292,0.7208203586384624,0.09090909090909091,0.7546232569274045,1.0,0.15522041763341066,0.018570460935405174,0.00020597652081109924,0.07838070628768304,0.5110336817653891,0.4017676829617275,79.0,"house,pop,uk dance"
31,Oasis,2DaxqgrOhkeH0fpeiQq2f4,Wonderwall - Remastered,5wj4E6IsrVtn8IBJQOd0Cl,"CA,US",73.0,0.43527738264580373,0.39332116396435085,0.6363636363636364,0.48650427913100736,1.0,0.027610208816705333,0.010628739793059646,0.00015048025613660616,0.13580246913580246,0.0,0.15529773438969163,79.0,"alternative rock,art rock,melancholia,modern rock,oxford indie,permanent wave,rock"
32,Sia,5WUlDfRSoLAfcVSX1WnrxN,Chandelier,2s1sdSqGcKxpPr5lCl7jAV,"AD,AE,AR,AT,BE,BG,BH,BO,BR,CA,CH,CL,CO,CR,CY,CZ,DE,DK,DO,DZ,EC,EE,EG,ES,FI,FR,GB,GR,GT,HK,HN,HU,ID,IE,IL,IN,IS,IT,JO,JP,KW,LB,LI,LT,LU,LV,MA,MC,MT,MX,MY,NI,NL,NO,OM,PA,PE,PH,PL,PS,PT,PY,QA,RO,SA,SE,SG,SK,SV,TH,TN,TR,TW,US,UY,VN,ZA",71.0,0.22901849217638692,0.4684849135616879,0.6363636363636364,0.6169130408761747,1.0,0.0,0.0032199499378978307,1.9530416221985057e-06,0.042779213321848975,0.2055749128919861,0.9348524614290267,5.0,
33,JAY Z,3nFkdlSjzX9mRTtwJOzDYB,Ni**as In Paris,2KpCpk6HjXXLb7nnXoXA5O,"AE,BH,CA,DZ,EG,JO,KW,LB,MA,MX,OM,QA,SA,TN,US",73.0,0.2091038406827881,0.8679265542789649,0.18181818181818182,0.612065354000838,1.0,0.09976798143851509,0.004327611044593391,0.01040554962646745,0.09374102784955499,0.5842044134727061,0.764085457087493,76.0,"blues rock,garage rock,modern blues rock,modern rock,punk blues,rock"
34,Guns N' Roses,3qm84nBOXUEQ2vnTfUTTFC,Sweet Child O' Mine,7snQQk1zcKl8gZ92AnueZW,"AD,AE,AR,AT,AU,BE,BG,BH,BO,BR,CA,CH,CL,CO,CR,CY,CZ,DE,DK,DO,DZ,EC,EE,EG,ES,FI,FR,GB,GR,GT,HK,HN,HU,ID,IE,IL,IN,IS,IT,JO,JP,KW,LB,LI,LT,LU,LV,MA,MC,MT,MX,MY,NI,NL,NO,NZ,OM,PA,PE,PH,PL,PS,PT,PY,QA,RO,SA,SE,SG,SK,SV,TH,TN,TR,TW,US,UY,VN,ZA",75.0,0.38549075391180654,0.7433694835176634,0.09090909090909091,0.7579747441498594,1.0,0.019257540603248267,0.010346599699844737,0.007513340448239061,0.3985070341659489,0.39837398373983746,0.47650584185696643,78.0,"folk-pop,modern rock,neo mellow,stomp and holler,uk americana"
35,Coldplay,4gzpq5DPGxSnKTe4SA8HAU,Fix You,7LVHVU3tWfcxj5aiPFEW4Q,"AD,AE,AR,AT,AU,BE,BG,BH,BO,BR,CA,CH,CL,CO,CR,CY,CZ,DE,DK,DO,DZ,EC,EE,EG,ES,FI,FR,GB,GR,GT,HK,HN,HU,ID,IE,IL,IS,IT,JO,JP,KW,LB,LI,LT,LU,LV,MA,MC,MT,MX,MY,NI,NL,NO,NZ,OM,PA,PE,PH,PL,PS,PT,PY,QA,RO,SA,SE,SG,SK,SV,TH,TN,TR,TW,US,UY,VN,ZA",82.0,0.6614509246088194,0.778803822613551,0.7272727272727273,0.6679633730324976,1.0,0.09883990719257538,0.001830148737987363,0.0075773745997865525,0.05885730691932241,0.9454123112659697,0.46568879949634934,70.0,"alternative rock,britpop,dance rock,garage rock,indie rock,madchester,modern rock,new wave,permanent wave,pop rock,rock"
36,Justin Timberlake,31TPClRtHm23RisEBtV3X7,Mirrors,4rHZZAmHpZrA3iH5zx8frV,"AD,AE,AR,AT,AU,BE,BG,BH,BO,BR,CA,CH,CL,CO,CR,CY,CZ,DE,DK,DO,DZ,EC,EE,EG,ES,FI,FR,GB,GR,GT,HK,HN,HU,ID,IE,IL,IN,IS,IT,JO,JP,KW,LB,LI,LT,LU,LV,MA,MC,MT,MX,MY,NI,NL,NO,NZ,OM,PA,PE,PH,PL,PS,PT,PY,QA,RO,SA,SE,SG,SK,SV,TH,TN,TR,TW,US,UY,VN,ZA",77.0,0.33712660028449504,0.744443251369054,0.09090909090909091,0.7712609970674488,1.0,0.01670533642691415,0.021496358198374577,0.0,0.16020671834625322,0.36817653890824625,0.24555422011822703,72.0,"folk-pop,indie folk,indie pop,metropopolis,modern rock,stomp and holler"
37,Carly Rae Jepsen,6sFIWsNpZYqfjUpaCgueju,Call Me Maybe,3TGRqZ0a2l1LRblBkJoaDx,"CR,MX,US",69.0,0.7510668563300141,0.4287555030602383,0.0,0.6126039858758754,1.0,0.125754060324826,0.008507464277406826,0.47705442902881534,0.3166810221073787,0.25551684088269455,0.41726148135429686,73.0,"alternative rock,blues rock,garage rock,indie rock,modern blues rock,modern rock,permanent wave,punk blues,rock"
38,Franz Ferdinand,0XNa1vTidXlvJ2gHSsRi4A,Take Me Out,6ooluO7DiEhI1zmK94nRCM,"AR,AU,BO,BR,CA,CL,CO,CR,EC,GT,HK,HN,ID,IN,JP,MX,MY,NI,NZ,PA,PE,PH,PY,SG,SV,TH,TW,US,UY,VN,ZA",75.0,0.6714082503556187,0.4040588424782562,0.4545454545454546,0.1614698665389911,1.0,0.013225058004640376,0.01501758568751375,0.9786552828175026,0.23629055412001143,0.832752613240418,0.48421594839216053,11.0,karaoke
39,Avicii,1vCWHaC5f2uS3yhpwWbIA6,Wake Me Up,4h8VwCb1MTGoLKueQ1WgbD,"AD,AE,AR,AT,AU,BE,BG,BH,BO,BR,CA,CH,CL,CO,CR,CY,CZ,DE,DK,DO,DZ,EC,EE,EG,ES,FI,FR,GB,GR,GT,HK,HN,HU,ID,IE,IL,IN,IS,IT,JO,KW,LB,LI,LT,LU,LV,MA,MC,MT,MX,MY,NI,NL,NO,NZ,OM,PA,PE,PH,PL,PS,PT,PY,QA,RO,SA,SE,SG,SK,SV,TH,TN,TR,TW,US,UY,VN,ZA",84.0,0.7496443812233285,0.4792225920755932,0.36363636363636365,0.6109282422646479,1.0,0.062180974477958235,0.020869380213452565,0.7353255069370331,0.40424921045076084,0.1289198606271777,0.4355760504304741,10.0,
40,Katy Perry,6jJ0s89eD6GaHleKKya26X,Roar,6F5c58TMEs1byxUstkzVeM,"AD,AE,AR,AT,AU,BE,BG,BH,BO,BR,CA,CH,CL,CO,CR,CY,CZ,DE,DK,DO,DZ,EC,EE,EG,ES,FI,FR,GB,GR,GT,HK,HN,HU,ID,IE,IL,IN,IS,IT,JO,JP,KW,LB,LI,LT,LU,LV,MA,MC,MT,MX,MY,NI,NL,NO,NZ,OM,PA,PE,PH,PL,PS,PT,PY,QA,RO,SA,SE,SG,SK,SV,TH,TN,TR,TW,US,UY,VN,ZA",78.0,0.8051209103840683,0.8153119295608289,0.09090909090909091,0.7165599377580946,1.0,0.5707656612529003,0.0009670090454113881,0.0,0.15733563020384728,0.19628339140534262,0.4676265463137842,89.0,"chicago rap,hip hop,pop rap,rap"
41,Vance Joy,10exVja0key0uqUkk6LJRT,Riptide,3JvrhDOgAt6p7K8mDyZwRd,"AD,AE,AR,AT,BE,BG,BH,BO,BR,CA,CH,CL,CO,CR,CY,CZ,DE,DK,DO,DZ,EC,EE,EG,ES,FI,FR,GB,GR,GT,HK,HN,HU,ID,IE,IL,IS,IT,JO,JP,KW,LB,LI,LT,LU,LV,MA,MC,MT,MX,MY,NI,NL,NO,OM,PA,PE,PH,PL,PS,PT,PY,QA,RO,SA,SE,SG,SK,SV,TH,TN,TR,TW,US,UY,VN,ZA",79.0,0.8776671408250355,0.3858047890046172,0.36363636363636365,0.5998563648333235,1.0,0.028074245939675176,0.0168985196422798,0.0006275346851654215,0.10422049956933677,0.46922183507549364,0.418324380452468,26.0,
42,Drake,3TVXtAsR1Inumwj472S9r4,"Hold On, We're Going Home",2aSC2xhRxOLiiZZVjhbylH,"AD,AE,AR,AT,AU,BE,BG,BH,BO,BR,CA,CH,CL,CO,CR,CY,CZ,DE,DK,DO,DZ,EC,EE,EG,ES,FI,FR,GB,GR,GT,HK,HN,HU,ID,IE,IL,IN,IS,IT,JO,KW,LB,LI,LT,LU,LV,MA,MC,MT,MX,MY,NI,NL,NO,NZ,OM,PA,PE,PH,PL,PS,PT,PY,QA,RO,SA,SG,SK,SV,TH,TN,TR,TW,US,UY,VN,ZA",70.0,0.2318634423897583,0.8604101793192311,0.18181818181818182,0.786761625471303,1.0,0.030394431554524363,0.00044348242800150553,0.0,0.28653459661211594,0.4343786295005807,0.831375146148626,79.0,"britpop,madchester,permanent wave,rock"
43,Calvin Harris,7CajNmpbOovFoOoasH2HaY,Summer,6YUTL4dYpB9xZO5qExPf05,"AD,AE,AR,AT,AU,BE,BG,BH,BO,BR,CA,CH,CL,CO,CR,CY,CZ,DE,DK,DO,DZ,EC,EE,EG,ES,FI,FR,GB,GR,GT,HK,HN,HU,ID,IE,IL,IN,IS,IT,JO,JP,KW,LB,LI,LT,LU,LV,MA,MC,MT,MX,MY,NI,NL,NO,NZ,OM,PA,PE,PH,PL,PS,PT,PY,QA,RO,SA,SE,SG,SK,SV,TH,TN,TR,TW,US,UY,VN,ZA",80.0,0.2702702702702703,0.7766562869107699,0.09090909090909091,0.9087318211742177,1.0,0.057772621809744774,0.020555891220991555,6.47812166488794e-05,0.04895205282802183,0.5435540069686412,0.3617290915483169,85.0,"australian dance,australian pop,dance pop,pop"
44,The Naked And Famous,0oeUpvxWsC8bWS6SnpU8b9,Young Blood,25nzKGDiua1lE9Qo5V19GL,"AR,AT,BE,BG,BR,CA,CH,CR,DE,DK,EE,ES,FI,FR,GB,HK,HU,ID,IE,IL,IN,IS,JP,LT,LU,LV,MX,MY,NL,NO,PL,PT,SA,SE,SG,TR,TW,US,ZA",66.0,0.7795163584637269,0.8786642327928702,0.09090909090909091,0.7145251062301755,1.0,0.5174013921113689,0.07970081446530167,0.0,0.31093884582256676,0.6736353077816493,0.5494370722853147,81.0,"east coast hip hop,gangster rap,hip hop,pop rap,rap,southern hip hop"
45,Two Door Cinema Club,536BYVgOnRky0xjsPT96zl,What You Know,3UjtIALeg72qmJiKPWBvM3,"CA,US",70.0,0.33712660028449504,0.9538279823902074,0.5454545454545454,0.7626428870668502,1.0,0.06334106728538283,0.09412130811850801,0.09146211312700106,0.11139821992535168,0.6039488966318235,0.4288879622589058,81.0,"glam metal,hard rock,rock"
46,Bon Iver,4LEiUm1SRbFMgfqnQTwUbQ,Skinny Love,2cbic3TiUENlJX91y67ARR,"AE,AR,AU,BH,BO,BR,CA,CL,CO,CR,CY,DO,DZ,EC,EG,GT,HK,HN,ID,IL,IN,JO,JP,KW,LB,MA,MX,MY,NI,NZ,OM,PA,PE,PH,PS,PY,QA,SA,SG,SV,TH,TN,TR,TW,US,UY,VN,ZA",72.0,0.0,0.3804359497476645,0.2727272727272727,0.5580226225387517,1.0,0.02041763341067284,0.1702991332865329,0.0020811099252934897,0.1128337639965547,0.022067363530778178,0.534867178493463,87.0,"permanent wave,pop"
47,Pitbull,0TnOYISbd1XYRBk9myaseg,Timber (feat. Ke$ha),3cHyrEgdyYRjgJKSOiOtcS,"AD,AR,AT,BE,BG,BO,BR,CA,CH,CL,CO,CR,CY,CZ,DE,DK,DO,DZ,EC,EE,ES,FI,FR,GR,GT,HK,HN,HU,ID,IE,IL,IN,IS,IT,JP,LI,LT,LU,LV,MA,MC,MT,MX,MY,NI,NL,NO,PA,PE,PH,PL,PT,PY,RO,SE,SG,SK,SV,TH,TN,TR,TW,US,UY,VN,ZA",76.0,0.5192034139402559,0.48137012777837423,0.4545454545454546,0.6822670417140464,0.0,0.05870069605568445,0.24449152816897135,0.0,0.08641975308641975,0.4738675958188153,0.03312974727529905,81.0,"dance pop,pop,pop rap"
48,Florence + The Machine,1moxjboGR7GNWYIMWsRjgG,Dog Days Are Over,1YLJVmuzeM2YSUkCCaTNUB,"CA,MX,US",71.0,0.8093883357041253,0.559755180929883,0.6363636363636364,0.6919624154647197,1.0,0.04292343387470996,0.012823162740286697,0.0,0.10565604364053979,0.6062717770034843,0.38609400933715976,74.0,"canadian pop,dance pop,electropop,indie poptimism,pop,post-teen pop"
49,Lorde,163tK9Wjr9P9DmM0AVK7lm,Royals,2dLLR6qlu5UJ5gk0dKz0h3,"AD,AE,AR,AT,AU,BE,BG,BH,BO,BR,CA,CH,CL,CO,CR,CY,CZ,DE,DK,DO,DZ,EC,EE,EG,ES,FI,FR,GB,GR,GT,HK,HN,HU,ID,IE,IL,IN,IS,IT,JO,KW,LB,LI,LT,LU,LV,MA,MC,MT,MX,MY,NI,NL,NO,NZ,OM,PA,PE,PH,PL,PS,PT,PY,QA,RO,SA,SE,SG,SK,SV,TH,TN,TR,TW,US,UY,VN,ZA",78.0,0.09815078236130875,0.6574680554064211,0.8181818181818182,0.553174935663415,1.0,0.028074245939675176,0.0004121335287554048,0.0009594450373532551,0.14585127763422337,0.45296167247386754,0.2591675047217249,68.0,"alternative rock,dance-punk,garage rock,indie pop,indie rock,modern rock,new rave,rock,scottish rock"
50,Maroon 5,04gDigrS5kc9YWfZHwBETP,Moves Like Jagger - Studio Recording From The Voice Performance,7LcfRTgAVTs5pQGEQgUEzN,"CA,CR,MX,US",70.0,0.4395448079658606,0.7734349833565983,0.18181818181818182,0.7424142677598901,1.0,0.06357308584686774,0.0035856870957690057,0.0019957310565635,0.19609532012632788,0.5621370499419279,0.41906840982118776,86.0,"big room,edm,pop"
51,Edward Sharpe & The Magnetic Zeros,7giUHu5pv6YTZgSkxxCcgh,Home,7w5cxTEzp1rfV3KCy0Bd5N,"AR,AU,BO,BR,CA,CL,CO,CR,DO,EC,GT,HN,JP,MX,NI,NZ,PA,PE,PY,SV,US,UY",70.0,0.24039829302987192,0.6166648770535811,0.9090909090909092,0.7473816506074571,1.0,0.11600928074245939,0.020869380213452565,8.175026680896477e-05,0.0724949755957508,0.7328687572590011,0.909506406011103,70.0,"baroque pop,metropopolis,modern rock,pop"
52,Pharrell Williams,2RdwBSPQiwcmiDo9kixcl8,"Happy - From ""Despicable Me 2""",5b88tNINg4Q4nrRbrCXUmg,"AD,AE,AR,AT,AU,BE,BG,BH,BO,BR,CA,CH,CL,CO,CR,CY,CZ,DE,DK,DO,DZ,EC,EE,EG,ES,FI,FR,GB,GR,GT,HK,HN,HU,ID,IE,IL,IN,IS,IT,JO,JP,KW,LB,LI,LT,LU,LV,MA,MC,MT,MX,MY,NI,NL,NO,NZ,OM,PA,PE,PH,PL,PS,PT,PY,QA,RO,SA,SE,SG,SK,SV,TH,TN,TR,TW,US,UY,VN,ZA",80.0,0.49075391180654326,0.760549769139912,0.6363636363636364,0.7925668801244838,0.0,0.03897911832946634,0.005059085360335742,7.043756670224119e-06,0.4587998851564743,0.4076655052264808,0.8759678513903538,86.0,"dance pop,pop,post-teen pop"
53,Foo Fighters,7jy3rLJdDQY21OgRLCZ9sD,Everlong,5UWwZ5lm5PKu6eKsHAGxOk,"AD,AE,AR,AT,AU,BE,BG,BH,BO,BR,CA,CH,CL,CO,CR,CY,CZ,DE,DK,DO,DZ,EC,EE,EG,ES,FI,FR,GB,GR,GT,HK,HN,HU,ID,IE,IL,IN,IS,IT,JO,JP,KW,LB,LI,LT,LU,LV,MA,MC,MT,MX,MY,NI,NL,NO,NZ,OM,PA,PE,PH,PL,PS,PT,PY,QA,RO,SA,SE,SG,SK,SV,TH,TN,TR,TW,US,UY,VN,ZA",78.0,0.3911806543385491,0.7165252872329002,0.09090909090909091,0.6804716021305884,1.0,0.029930394431554534,0.4503492998850331,0.0,0.16738443870226816,0.4715447154471545,0.23553026400778365,77.0,"indie folk,modern rock,pop"
54,The xx,3iOvXCl6edW5Um0fXEBRXy,Intro,0DAsxISzun85PbsqAfIzeC,"CA,US",65.0,0.8065433854907537,0.37506711049071184,0.5454545454545454,0.6359447004608296,0.0,0.162877030162413,0.004306711778429324,2.8601921024546424e-05,0.05455067470571347,0.21254355400696862,0.22203144546101194,96.0,"canadian hip hop,canadian pop,hip hop,pop rap,rap,toronto rap"
55,The XX's,1rC1W1RD96Sp9nlds4YMOb,Intro,2QTHumpkGlw5EyH56ltXo5,"AD,AE,AR,AT,AU,BE,BG,BH,BO,BR,CA,CH,CL,CO,CR,CY,CZ,DE,DK,DO,DZ,EC,EE,EG,ES,FI,FR,GB,GR,GT,HK,HN,HU,ID,IE,IL,IN,IS,IT,JO,JP,KW,LB,LI,LT,LU,LV,MA,MC,MT,MX,MY,NI,NL,NO,NZ,OM,PA,PE,PH,PL,PS,PT,PY,QA,RO,SA,SE,SG,SK,SV,TH,TN,TR,TW,US,UY,VN,ZA",6.0,0.5504978662873399,0.8507462686567164,0.36363636363636365,0.868274582560297,0.0,0.0222737819025522,0.022018839852476258,0.018996798292422623,0.15302899799023828,0.7421602787456446,0.4505220469801402,87.0,"dance pop,edm,electro house,house,pop,progressive house,uk dance"
56,Kings of Leon,2qk9voo8llSGYcZ6xrBzKx,Use Somebody,5VGlqQANWDKJFl0MBG3sg2,"AD,AE,AR,AT,AU,BE,BG,BH,BO,BR,CA,CH,CL,CO,CR,CY,CZ,DE,DK,DO,DZ,EC,EE,EG,ES,FI,FR,GR,GT,HK,HN,HU,ID,IL,IN,IS,IT,JO,JP,KW,LB,LI,LT,LU,LV,MA,MC,MT,MX,MY,NI,NL,NO,NZ,OM,PA,PE,PH,PL,PS,PT,PY,QA,RO,SA,SE,SG,SK,SV,TH,TN,TR,TW,US,UY,VN,ZA",77.0,0.5263157894736842,0.8604101793192311,0.5454545454545454,0.8002872703333535,1.0,0.012064965197215775,2.894548363723303e-05,0.00023585912486659552,0.8822853861613551,0.2950058072009291,0.26280589009623323,59.0,"alternative dance,auckland indie,indie pop,indie rock,indietronica,metropopolis,modern rock,shimmer pop"
57,Karaoke Kings,3epJjkOtpmTZmW3bAtljIB,Use Somebody (Originally Recorded by Kings of Leon) [Karaoke Version],7vCAN2fiyItMioiGKrhPlm,"AD,AE,AR,AT,AU,BE,BG,BH,BO,BR,CA,CH,CL,CO,CR,CY,CZ,DE,DK,DO,DZ,EC,EE,EG,ES,FI,FR,GB,GR,GT,HK,HN,HU,ID,IE,IL,IN,IS,IT,JO,JP,KW,LB,LI,LT,LU,LV,MA,MC,MT,MX,MY,NI,NL,NO,NZ,OM,PA,PE,PH,PL,PS,PT,PY,QA,RO,SA,SE,SG,SK,SV,TH,TN,TR,TW,US,UY,VN,ZA",0.0,0.5007112375533429,0.7272629657468055,0.5454545454545454,0.8273984080435695,0.0,0.03921113689095127,0.0007172628147507856,1.4941302027748133e-05,0.06861900660350272,0.7804878048780487,0.5408848226184929,73.0,"indie pop,indie rock,indietronica,irish rock,modern rock,northern irish indie,rock"
58,alt-J,3XHO7cRUPCLOr6jwp8vsx5,Breezeblocks,3n69hLUdIsSa1WlRmjMZlW,"CA,MX,US",75.0,0.546230440967283,0.21400193278213248,0.36363636363636365,0.24148662397510323,0.0,0.07354988399071924,0.8819191461730205,5.720384204909285e-06,0.1329313809933965,0.005807200929152129,0.028878150882615028,78.0,"chamber pop,eau claire indie,folk-pop,indie folk,melancholia,slow core,stomp and holler"
59,Muse,12Chz98pHFMPJEknJQMWvI,Uprising,4VqPOruhp5EdPBeR92t6lQ,"AD,AE,AR,AT,AU,BE,BG,BH,BO,BR,CA,CH,CL,CO,CR,CY,CZ,DE,DK,DO,DZ,EC,EE,EG,ES,FI,FR,GB,GR,GT,HK,HN,HU,ID,IE,IL,IS,IT,JO,JP,KW,LB,LI,LT,LU,LV,MA,MC,MT,MX,MY,NI,NL,NO,NZ,OM,PA,PE,PH,PL,PS,PT,PY,QA,RO,SA,SE,SG,SK,SV,TH,TN,TR,TW,US,UY,VN,ZA",77.0,0.5291607396870555,0.965639428755503,1.0,0.8364953019330901,1.0,0.16960556844547564,0.030796531641384472,0.0,0.15015790984783234,0.7944250871080138,0.4672259151152428,84.0,"dance pop,latin,miami hip hop,pop,pop rap"
60,Muse Day,5OAqKO2Qs4tIZyBmgBx65f,Uprising of The War,29NMUyPMFI34DHgxHHCctJ,"AD,AE,AR,AT,AU,BE,BG,BH,BO,BR,CA,CH,CL,CO,CR,CY,CZ,DE,DK,DO,DZ,EC,EE,EG,ES,FI,FR,GB,GR,GT,HK,HN,HU,ID,IE,IL,IN,IS,IT,JO,JP,KW,LB,LI,LT,LU,LV,MA,MC,MT,MX,MY,NI,NL,NO,NZ,OM,PA,PE,PH,PL,PS,PT,PY,QA,RO,SA,SE,SG,SK,SV,TH,TN,TR,TW,US,UY,VN,ZA",0.0,0.4025604551920342,0.8013529474927521,0.6363636363636364,0.7630019749835419,1.0,0.1385150812064965,0.04344058767064511,0.004044823906083244,0.11857594028136662,0.16376306620209058,0.6304381597128538,77.0,"art pop,baroque pop,chamber pop,dance pop,folk-pop,pop,uk alternative pop"
61,Ellie Goulding,0X2BH1fck6amBIoJhDVmmJ,Burn,0xMd5bcWTbyXS7wPrBtZA6,"CA,MX,US",67.0,0.5789473684210527,0.395468699667132,0.6363636363636364,0.5097851457298463,1.0,0.2505800464037123,0.11073622471894141,0.0,0.14010910134941143,0.22996515679442509,0.09754960877137042,77.0,"art pop,dance pop,electropop,metropopolis,nz pop,pop"
62,The Lumineers,16oZKvXb6WkQlVAjwo2Wbg,Ho Hey,0W4Kpfp1w2xkY3PrV714B7,US,71.0,0.4366998577524893,0.9044346612262428,0.09090909090909091,0.8102818840146031,1.0,0.09466357308584686,0.0,0.00010779082177161152,0.1013494114269308,0.7247386759581881,0.35916178141888855,81.0,"alternative rock,grunge,permanent wave,post-grunge,rock"
63,Tribute to The Lumineers,0dQ45R2wMoqPaySZ8qO4eU,Ho Hey,5R8YOE3rlIpwCftIpqAHPT,"AD,AE,AR,AT,AU,BE,BG,BH,BO,BR,CA,CH,CL,CO,CR,CY,CZ,DE,DK,DO,DZ,EC,EE,EG,ES,FI,FR,GB,GR,GT,HK,HN,HU,ID,IE,IL,IN,IS,IT,JO,JP,KW,LB,LI,LT,LU,LV,MA,MC,MT,MX,MY,NI,NL,NO,NZ,OM,PA,PE,PH,PL,PS,PT,PY,QA,RO,SA,SE,SG,SK,SV,TH,TN,TR,TW,US,UY,VN,ZA",10.0,0.7297297297297297,0.7455170192204446,1.0,0.8131545873481358,0.0,0.051276102088167054,0.011569206770442668,0.0,0.3927648578811369,0.5993031358885017,0.45132330937722276,88.0,pop
64,The Future Hit Makers,4USFzlJddHfaZpNeXN0JPn,Ho Hey (Originally Performed By the Lumineers),2xsrgFANpxAFiSC82hiOAv,"AD,AE,AR,AT,AU,BE,BG,BH,BO,BR,CA,CH,CL,CO,CR,CY,CZ,DE,DK,DO,DZ,EC,EE,EG,ES,FI,FR,GB,GR,GT,HK,HN,HU,ID,IE,IL,IN,IS,IT,JO,JP,KW,LB,LI,LT,LU,LV,MA,MC,MT,MX,MY,NI,NL,NO,NZ,OM,PA,PE,PH,PL,PS,PT,PY,QA,RO,SA,SE,SG,SK,SV,TH,TN,TR,TW,US,UY,VN,ZA",0.0,0.4736842105263158,0.564050252335445,0.18181818181818182,0.6847208091447725,1.0,0.01577726218097448,0.3050994000447662,0.0005570971184631803,0.2047085845535458,0.038327526132404144,0.3173816707138595,65.0,"folk-pop,indie folk,indie pop,indie rock,la indie,modern rock,stomp and holler"
65,The Karaoke Channel,5UloVKzUNJcjORzhhTWWiJ,Ho Hey,6Fm7iQ15ZWA28VIHlM3vfH,"AD,AE,AR,AT,AU,BE,BG,BH,BO,BR,CA,CH,CL,CO,CR,CY,CZ,DE,DK,DO,DZ,EC,EE,EG,ES,FI,FR,GB,GR,GT,HK,HN,HU,ID,IE,IL,IN,IS,IT,JO,JP,KW,LB,LI,LT,LU,LV,MA,MC,MT,MX,MY,NI,NL,NO,NZ,OM,PA,PE,PH,PL,PS,PT,PY,QA,RO,SA,SE,SG,SK,SV,TH,TN,TR,TW,US,UY,VN,ZA",0.0,0.6230440967283073,0.8142381617094385,0.4545454545454546,0.8020827099168115,0.0,0.36658932714617165,0.22881707854592095,0.0,0.08096468561584841,0.9965156794425089,0.7127310783520159,80.0,"pop,pop rap"
66,Ed Sheeran,6eUKZXaKkcviH0Ku9w2n3V,Thinking out Loud,34gCuhDGsG4bRPIf9bb02f,"AE,AR,AT,AU,BE,BG,BH,BO,BR,CA,CH,CL,CO,CR,CY,CZ,DE,DK,DO,DZ,EC,EE,EG,ES,FI,FR,GB,GR,GT,HK,HN,HU,ID,IE,IL,IT,JO,JP,KW,LB,LT,LU,LV,MA,MT,MX,MY,NI,NL,NO,NZ,OM,PA,PE,PH,PL,PT,PY,QA,RO,SA,SE,SG,SK,SV,TH,TN,TR,TW,US,UY,VN,ZA",84.0,0.28876244665718354,0.8786642327928702,1.0,0.7495361781076069,0.0,0.027610208816705333,3.239386255430412e-05,0.00033084311632870865,0.06617858168245766,0.29268292682926833,0.6967630634387237,80.0,"alternative metal,alternative rock,modern rock,permanent wave,post-grunge,rock"
67,Ed Sheeran;Amy Wadge,2Vvz9VlewaR5wMQPrEZhC2,Thinking Out Loud (Solo Guitar Arrangement),47HyMlh1uTBwY3vtA4Ajcp,"AD,AE,AR,AT,AU,BE,BG,BH,BO,BR,CA,CH,CL,CO,CR,CY,CZ,DE,DK,DO,DZ,EC,EE,EG,ES,FI,FR,GB,GR,GT,HK,HN,HU,ID,IE,IL,IN,IS,IT,JO,JP,KW,LB,LI,LT,LU,LV,MA,MC,MT,MX,MY,NI,NL,NO,NZ,OM,PA,PE,PH,PL,PS,PT,PY,QA,RO,SA,SE,SG,SK,SV,TH,TN,TR,TW,US,UY,VN,ZA",16.0,0.5803698435277382,0.7669923762482551,0.8181818181818182,0.5501825363576517,0.0,0.004640371229698383,0.4796082725147271,0.9871931696905015,0.1343669250645995,0.05574912891986061,0.2249748583482548,71.0,"downtempo,dream pop,electropop,indie pop,indietronica,modern rock,pop"
68,Sam Smith,2wY79sveU1sp5g7SokKOiI,Stay With Me,5Nm9ERjJZ5oyfXZTECKmRt,"AD,AE,AR,AT,AU,BE,BG,BH,BO,BR,CA,CH,CL,CO,CR,CY,CZ,DE,DK,DO,DZ,EC,EE,EG,ES,FI,FR,GB,GR,GT,HK,HN,HU,ID,IE,IL,IN,IS,IT,JO,KW,LB,LI,LT,LU,LV,MA,MC,MT,MX,MY,NI,NL,NO,NZ,OM,PA,PE,PH,PL,PS,PT,PY,QA,RO,SA,SE,SG,SK,SV,TH,TN,TR,TW,US,UY,VN,ZA",85.0,0.28591749644381226,0.7927628046816279,0.9090909090909092,0.7911305284577175,1.0,0.7076566125290024,0.14417505058144892,9.092849519743863e-06,0.29084122882572494,0.6933797909407665,0.09542381057502836,71.0,"downtempo,dream pop,electropop,indie pop,indietronica,modern rock,pop"
69,John Legend,5y2Xq6xcjJb2jVM54GHK3t,All of Me,3U4isOIWM3VvDubwSI3y7a,"AD,AE,AR,AT,AU,BE,BG,BH,BO,BR,CA,CH,CL,CO,CR,CY,CZ,DE,DK,DO,DZ,EC,EE,EG,ES,FI,FR,GB,GR,GT,HK,HN,HU,ID,IE,IL,IN,IS,IT,JO,JP,KW,LB,LI,LT,LU,LV,MA,MC,MT,MX,MY,NI,NL,NO,NZ,OM,PA,PE,PH,PL,PS,PT,PY,QA,RO,SA,SE,SG,SK,SV,TH,TN,TR,TW,US,UY,VN,ZA",86.0,0.09530583214793747,0.6993450016106517,0.0,0.760548207552816,1.0,0.04222737819025522,0.005738311510667926,0.0004450373532550693,0.23916164226241748,0.08013937282229966,0.5247532847670205,77.0,"garage rock,indie rock,modern rock,rock"
70,M.I.A.,0QJIPDAEDILuo8AIq3pMuU,Paper Planes,1kusepF3AacIEtUTYrw4GV,"BR,US",70.0,0.1635846372688478,0.5726403951465693,0.0,0.3799748638458317,1.0,0.028074245939675176,0.002655669751468016,0.5080042689434365,0.06330749354005168,0.17770034843205573,0.5373281987130744,8.0,karaoke
71,Meghan Trainor,6JL8zeS1NmiOftqZTRgdTz,All About That Bass,5jE48hhRu8E6zBDPRSkEq7,"AE,AR,AU,BE,BG,BH,BO,BR,CA,CH,CL,CO,CR,CY,CZ,DK,DO,EC,EE,EG,ES,FI,GB,GR,GT,HK,HN,HU,ID,IE,IL,IN,IS,IT,JO,JP,KW,LB,LI,LT,LU,LV,MT,MX,MY,NI,NL,NO,NZ,OM,PA,PE,PH,PL,PS,PT,PY,QA,RO,SA,SG,SK,SV,TH,TR,TW,US,UY,VN,ZA",70.0,0.5789473684210527,0.6359926983786105,0.4545454545454546,0.6443234185169671,1.0,0.021809744779582356,0.10028659163690784,0.0009381003201707575,0.24490381854722937,0.21138211382113825,0.6313947689012075,74.0,indie rock
72,Passion Pit,7gjAu1qr5C2grXeQFFOGeh,Take a Walk,4Sfa7hdVkqlM8UW5LsSY3F,"AD,AE,AR,AT,AU,BE,BG,BH,BO,BR,CA,CH,CL,CO,CR,CY,CZ,DE,DK,DO,DZ,EC,EE,EG,ES,FI,FR,GB,GR,GT,HK,HN,HU,ID,IE,IL,IN,IS,IT,JO,JP,KW,LB,LI,LT,LU,LV,MA,MC,MT,MX,MY,NI,NL,NO,NZ,OM,PA,PE,PH,PL,PS,PT,PY,QA,RO,SA,SE,SG,SK,SV,TH,TN,TR,TW,US,UY,VN,ZA",69.0,0.5590327169274537,0.9033608933748524,0.18181818181818182,0.8389490693638161,1.0,0.12180974477958237,0.00018119663764246244,0.06830309498399145,0.11857594028136662,0.35656213704994194,0.45109437726377066,80.0,"modern rock,permanent wave,piano rock,post-grunge,rock"
73,R.E.M.,4KWTAlx2RvbpseOGMEmROg,Losing My Religion,31AOj9sFz2gM0O3hMARRBx,"AD,AE,AR,AT,AU,BE,BG,BH,BO,BR,CA,CH,CL,CO,CR,CY,CZ,DE,DK,DO,DZ,EC,EE,EG,ES,FI,FR,GB,GR,GT,HK,HN,HU,ID,IE,IL,IN,IS,IT,JO,JP,KW,LB,LI,LT,LU,LV,MA,MC,MT,MX,MY,NI,NL,NO,NZ,OM,PA,PE,PH,PL,PS,PT,PY,QA,RO,SA,SE,SG,SK,SV,TH,TN,TR,TW,US,UY,VN,ZA",82.0,0.9217638691322901,0.486738967035327,0.0,0.6638338619905442,1.0,0.031090487238979107,0.5903743831842831,0.00020811099252934898,0.09704277921332183,0.7549361207897793,0.4596302746367745,67.0,australian pop
74,LMFAO,3sgFRtyBnxXD5ESfmbK4dl,Party Rock Anthem,0IkKz2J93C94Ei4BvDop7P,"AE,AU,BH,CA,CR,DZ,EG,JO,KW,LB,MA,MX,NZ,OM,QA,SA,TN,US",67.0,0.507823613086771,1.0,0.6363636363636364,1.0000000000000002,0.0,0.09095127610208814,0.009939064009645428,0.759871931696905,0.0700545506747057,0.527293844367015,0.38531727538080396,0.0,
75,Milky Chance,1hzfo8twXdOegF3xireCYs,Stolen Dance,6vECYJHxYmm3Ydt3fF01pE,"CA,US",73.0,0.4978662873399715,0.7659186083968647,0.09090909090909091,0.7799988030402778,1.0,0.04222737819025522,0.32390873959242666,0.0,0.1013494114269308,0.26132404181184665,0.11584782555372963,84.0,"dance pop,edm,electropop,metropopolis,pop,post-teen pop,tropical house,uk pop"
76,Phoenix,1xU878Z1QtBldR7ru9owdU,Lisztomania,7hwcojGiRqYm100tSmpZE3,"CA,US",64.0,0.6770981507823614,0.4319768066144099,0.0,0.5380333951762525,1.0,0.012529002320185605,0.8296709807628524,2.198505869797225e-06,0.08196956646569048,0.28919860627177696,0.057960705437955395,80.0,"folk-pop,indie folk,modern rock,stomp and holler"
77,Iggy Azalea,5yG7ZAZafVaAlMTeBybKAL,Fancy,3oiMJQAWVaxSubJ7b2VUtX,"AU,CA,MX,NZ,US",69.0,0.5917496443812233,0.5189520025770429,0.0,0.7449877311628466,1.0,0.010440835266821331,0.6551621082928915,0.0,0.2291128337639965,0.03600464576074333,0.046072587832258205,2.0,
78,Adele,4dpARuHxo51G3z768sgnrY,Rolling in the Deep,1CkvWZme3pRgbzaxZnTl5X,"AR,BO,BR,CL,CO,CR,DO,EC,GT,HN,MX,NI,PA,PE,PY,SV,US,UY",75.0,0.49359886201991476,0.44378825297970576,0.0,0.5438386498294333,1.0,0.036194895591647326,0.07614793921741025,1.0,0.06589147286821705,0.11730545876887338,0.7089128177455094,25.0,
79,Adele Adkins,6HZ5IH5ksF7cs4mg0HQlSN,Rolling in the Deep,3qathmSUDDztSA2hUBEdEm,"AD,AE,AR,AT,AU,BE,BG,BH,BO,BR,CA,CH,CL,CO,CR,CY,CZ,DE,DK,DO,DZ,EC,EE,EG,ES,FI,FR,GB,GR,GT,HK,HN,HU,ID,IE,IL,IN,IS,IT,JO,JP,KW,LB,LI,LT,LU,LV,MA,MC,MT,MX,MY,NI,NL,NO,NZ,OM,PA,PE,PH,PL,PT,PY,QA,RO,SA,SE,SG,SK,SV,TH,TN,TR,TW,US,UY,VN,ZA",16.0,0.6187766714082503,0.2966820573392033,0.0,0.2031839128613323,1.0,0.025290023201856145,0.03884274911455033,0.0,0.04478897502153317,0.13937282229965153,0.058426745811768765,38.0,karaoke
80,Survivor,26bcq2nyj5GB7uRr558iQg,Eye of the Tiger,2KH16WveTQWT6KOG9Rg6e2,"AD,AE,AR,AT,AU,BE,BG,BH,BO,BR,CA,CH,CL,CO,CR,CY,CZ,DE,DK,DO,DZ,EC,EE,EG,ES,FI,FR,GB,GR,GT,HK,HN,HU,ID,IE,IL,IN,IS,IT,JO,JP,KW,LB,LI,LT,LU,LV,MA,MC,MT,MX,MY,NI,NL,NO,NZ,OM,PA,PE,PH,PL,PS,PT,PY,QA,RO,SA,SE,SG,SK,SV,TH,TN,TR,TW,US,UY,VN,ZA",77.0,0.813655761024182,0.4094276817352088,0.18181818181818182,0.7183553773415525,1.0,0.010440835266821331,0.4952827221377775,0.0,0.21475739305196667,0.5656213704994193,0.05029147963730618,96.0,"pop,uk pop"
81,Band of Horses,0OdUWJ0sBjDrqHygGUXeCF,The Funeral,27IZXTdeGYjU6m5lTyDpmr,"AD,AE,AR,AT,AU,BE,BG,BH,BO,BR,CA,CH,CL,CO,CR,CY,CZ,DE,DK,DO,DZ,EC,EE,EG,ES,FI,FR,GB,GR,GT,HK,HN,HU,ID,IE,IL,IN,IS,IT,JO,JP,KW,LB,LI,LT,LU,LV,MA,MC,MT,MX,MY,NI,NL,NO,NZ,OM,PA,PE,PH,PL,PS,PT,PY,QA,RO,SA,SE,SG,SK,SV,TH,TN,TR,TW,US,UY,VN,ZA",72.0,0.6159317211948792,0.1152152904542038,0.18181818181818182,0.13591477646777206,1.0,0.06635730858468677,0.9289424950421715,0.9861259338313767,0.07536606373815677,0.5586527293844367,0.13369635425609327,4.0,
82,The Neighbourhood,77SW9BnxLY8rJ0RciFqkHh,Sweater Weather,2QjOHCTQ1Jl3zawyYOpxh6,"AD,AE,AR,AT,AU,BE,BG,BH,BO,BR,CA,CH,CL,CO,CR,CY,CZ,DE,DK,DO,DZ,EC,EE,EG,ES,FI,FR,GR,GT,HK,HN,HU,ID,IL,IN,IS,IT,JO,JP,KW,LB,LI,LT,LU,LV,MA,MC,MT,MX,MY,NI,NL,NO,NZ,OM,PA,PE,PH,PL,PS,PT,PY,QA,RO,SA,SE,SG,SK,SV,TH,TN,TR,TW,US,UY,VN,ZA",81.0,0.29729729729729726,0.38258348545044557,0.0,0.6954335986594052,1.0,0.03805104408352667,0.6144085392729605,6.819637139807897e-05,0.10852713178294573,0.09291521486643436,0.0919571242856092,90.0,"pop,uk pop"
83,The Old Neighbourhood,5mLLBMFdffkAGaMJDgVlez,Christmas Sweater,5oYjRL0rnd9GCPiMnGdKZz,"AD,AE,AR,AT,AU,BE,BG,BH,BO,BR,CA,CH,CL,CO,CR,CY,CZ,DE,DK,DO,DZ,EC,EE,EG,ES,FI,FR,GB,GR,GT,HK,HN,HU,ID,IE,IL,IN,IS,IT,JO,JP,KW,LB,LI,LT,LU,LV,MA,MC,MT,MX,MY,NI,NL,NO,NZ,OM,PA,PE,PH,PL,PS,PT,PY,QA,RO,SA,SE,SG,SK,SV,TH,TN,TR,TW,US,UY,VN,ZA",29.0,0.3029871977240399,0.215075700633523,0.7272727272727273,0.6583278472679396,1.0,0.01670533642691415,0.9634262842128823,0.0,0.14010910134941143,0.26364692218350755,0.3849575249168078,80.0,"neo mellow,neo soul,pop,r&b,urban contemporary"
84,The Fixation,539UhfM5s6hryzdyZtIlEE,Sweater Weather (Cover of The Neighbourhood) (Cover of The Neighbourhood),5bdVdtZD6YBNjXAFrVRj7o,"AD,AE,AR,AT,AU,BE,BG,BH,BO,BR,CA,CH,CL,CO,CR,CY,CZ,DE,DK,DO,DZ,EC,EE,EG,ES,FI,FR,GB,GR,GT,HK,HN,HU,ID,IE,IL,IN,IS,IT,JO,JP,KW,LB,LI,LT,LU,LV,MA,MC,MT,MX,MY,NI,NL,NO,NZ,OM,PA,PE,PH,PL,PS,PT,PY,QA,RO,SA,SE,SG,SK,SV,TH,TN,TR,TW,US,UY,VN,ZA",16.0,0.48221906116642954,0.502845484806185,0.4545454545454546,0.6264887186546174,1.0,0.01693735498839908,0.19433328937521016,0.0002806830309498399,0.26213034740166524,0.34959349593495936,0.0996099977924404,83.0,"garage rock,indie rock,modern rock,permanent wave,rock,sheffield indie"
85,Mr. Probz,33W1pnW9zScZtYTnAoWnOT,Waves - Robin Schulz Radio Edit,5Sf3GyLEAzJXxZ5mbCPXTu,"AD,AE,AR,AU,BE,BG,BH,BO,BR,CA,CL,CO,CR,CY,CZ,DK,DO,DZ,EC,EE,EG,ES,FI,FR,GB,GR,GT,HK,HN,HU,ID,IE,IL,IN,IS,IT,JO,JP,KW,LB,LT,LU,LV,MA,MC,MT,MX,MY,NI,NL,NO,NZ,OM,PA,PE,PH,PL,PS,PT,PY,QA,RO,SA,SE,SG,SK,SV,TH,TN,TR,TW,US,UY,VN,ZA",76.0,0.352773826458037,0.8485987329539355,0.18181818181818182,0.7100365072715304,1.0,0.5568445475638052,0.028915597686618427,0.00010266808964781216,1.0,0.44250871080139376,0.8125781844048173,67.0,"art pop,dance pop,escape room,new rave,pop"
86,Mr. Entertainer Karaoke,7cdl4r9XUVwt5AT16yeOwC,Waves (Robin Schulz Radio Edit) [Originally Performed by Mr. Probz] [Karaoke Version],5wpYq6TWhFUmUbFCbBhrl2,"AD,AE,AR,AT,AU,BE,BG,BH,BO,BR,CA,CH,CL,CO,CR,CY,CZ,DE,DK,DO,DZ,EC,EE,EG,ES,FI,FR,GB,GR,GT,HK,HN,HU,ID,IE,IL,IN,IS,IT,JO,JP,KW,LB,LI,LT,LU,LV,MA,MC,MT,MX,MY,NI,NL,NO,NZ,OM,PA,PE,PH,PL,PS,PT,PY,QA,RO,SA,SE,SG,SK,SV,TH,TN,TR,TW,US,UY,VN,ZA",0.0,0.8506401137980085,0.8840330720498228,0.8181818181818182,0.8581004249207016,1.0,0.05870069605568445,0.059846511609437845,3.062966915688367e-06,0.12862474877978752,0.9953542392566782,0.5004210715658141,79.0,"dance pop,hip pop,pop,post-teen pop"
87,CHVRCHES,3CjlHNtplJyTf9npxaPl5w,The Mother We Share,2pE0CMK1fE3mfU0eEOHhKw,"AR,BO,BR,CA,CL,CO,CR,EC,GT,HN,MX,NI,PA,PE,PY,SV,US,UY",61.0,0.507823613086771,0.742295715666273,1.0,0.7503740499132205,1.0,0.027378190255220418,0.03528987386665891,0.0,0.40281366637955784,0.3960511033681765,0.23023212081074673,65.0,"alternative dance,indie pop,indie poptimism,indie rock,indietronica,modern rock,shimmer pop,stomp and holler"
88,Jason Mraz,4phGZZrJZRo4ElhRtViYdl,I’m Yours,5smPViFYtztTo7ww9gJXpD,"AD,AE,AR,AT,AU,BE,BG,BH,BO,BR,CA,CH,CL,CO,CR,CY,CZ,DE,DK,DO,DZ,EC,EE,EG,ES,FI,FR,GB,GR,GT,HK,HN,HU,ID,IE,IL,IN,IS,IT,JO,JP,KW,LB,LI,LT,LU,LV,MA,MC,MT,MX,MY,NI,NL,NO,NZ,OM,PA,PE,PH,PL,PS,PT,PY,QA,RO,SA,SE,SG,SK,SV,TH,TN,TR,TW,US,UY,VN,ZA",39.0,0.6571834992887623,0.8432298936969828,0.8181818181818182,0.7800586510263932,0.0,0.007888631090487243,0.1702991332865329,0.0,0.08512776342233708,0.8420441347270616,0.4314225678006983,75.0,"alternative rock,permanent wave,pop rock,rock"
89,The Cure,7bu3H8JO7d0UbMoVzbo70s,Friday I'm in Love,263aNAQCeFSWipk896byo6,"CA,US",68.0,0.7695590327169274,0.7122302158273381,0.4545454545454546,0.8291339996409122,0.0,0.27146171693735494,0.019719920574428867,0.0,0.33247200689061157,0.29616724738675954,0.46723409126215165,67.0,"dance pop,pop,pop rap"
90,Bastille,7EQ0qTo7fWT7DPxmxtSYEc,Pompeii,3gbBpTdY8lnQwqxNCcf795,US,71.0,0.9644381223328592,0.5586814130784924,1.0,0.5545514393440661,1.0,0.030394431554524363,0.42840507041276255,0.00033511205976520807,0.09560723514211886,0.6655052264808363,0.33660379209693647,74.0,"german pop,modern rock"
91,Eminem,7dGJo4pcD2V6oG8kP0tJRR,Love The Way You Lie,15JINEqzVMv3SvJTAXAKED,"AD,AE,AR,AT,AU,BE,BG,BH,BO,BR,CA,CH,CL,CO,CR,CY,CZ,DE,DK,DO,DZ,EC,EE,EG,ES,FI,FR,GB,GR,GT,HK,HN,HU,ID,IE,IL,IN,IS,IT,JO,JP,KW,LB,LI,LT,LU,LV,MA,MC,MT,MX,MY,NI,NL,NO,NZ,OM,PA,PE,PH,PL,PT,PY,QA,RO,SA,SE,SG,SK,SV,TH,TN,TR,TW,US,UY,VN,ZA",81.0,0.39402560455192037,0.7734349833565983,0.0,0.6813094739362022,1.0,0.1396751740139211,0.03539437019747925,0.004823906083244398,0.7114556416881999,0.24506387921022066,1.0,67.0,"alternative dance,dance-punk,indie pop,indie rock,indietronica,modern rock,new rave"
92,Made Famous By Eminem & Rihanna,1kmA3iIroiYXIQ3UY4sBhx,Love The Way You Lie,7whTetU9uIfLomUMqr6gNC,"AD,AE,AR,AT,AU,BE,BG,BH,BO,BR,CA,CH,CL,CO,CR,CY,CZ,DE,DK,DO,DZ,EC,EE,EG,ES,FI,FR,GB,GR,GT,HK,HN,HU,ID,IE,IL,IN,IS,IT,JO,JP,KW,LB,LI,LT,LU,LV,MA,MC,MT,MX,MY,NI,NL,NO,NZ,OM,PA,PE,PH,PL,PS,PT,PY,QA,RO,SA,SE,SG,SK,SV,TH,TN,TR,TW,US,UY,VN,ZA",19.0,1.0,0.7004187694620423,0.9090909090909092,0.8332635106828656,0.0,0.1037122969837587,0.09443479711096901,0.0,0.021102497846683888,0.3170731707317073,0.18097083568397565,75.0,"australian hip hop,dance pop,hip pop,pop,pop rap,post-teen pop"
93,Made famous by Eminem,2mOgJyJzA4bxXT5DIMhCII,Love the way you lie,3sfvLk4sRjHLqDYAFGkNl4,"AD,AE,AR,AT,AU,BE,BG,BH,BO,BR,CA,CH,CL,CO,CR,CY,CZ,DE,DK,DO,DZ,EC,EE,EG,ES,FI,FR,GB,GR,GT,HK,HN,HU,ID,IE,IL,IN,IS,IT,JO,JP,KW,LB,LI,LT,LU,LV,MA,MC,MT,MX,MY,NI,NL,NO,NZ,OM,PA,PE,PH,PL,PS,PT,PY,QA,RO,SA,SE,SG,SK,SV,TH,TN,TR,TW,US,UY,VN,ZA",0.0,0.7396870554765292,0.7433694835176634,0.7272727272727273,0.7747321802621343,1.0,0.010208816705336417,0.1368603074240254,0.0,0.02627045650301464,0.48548199767711964,0.2624379634853279,84.0,"british soul,pop,uk pop"
94,The Black Eyed Peas,1yxSLGMDHlW21z4YXirZDS,I Gotta Feeling,4vp2J1l5RD4gMZwGFLfRAu,"CA,US",70.0,0.0,0.5780092344035219,0.9090909090909092,0.5561673349691784,1.0,0.019489559164733168,0.2810652439560889,0.25400213447171827,0.16594889463106516,0.12775842044134725,0.13990204976003007,20.0,
95,Icona Pop,1VBflYyxBhnDc9uVib98rw,I Love It (feat. Charli XCX) - Original Version,3VZQshi4COChhXaz7cLP02,"AE,AR,BE,BG,BH,BO,BR,CA,CL,CO,CR,CY,CZ,DK,DO,DZ,EC,EE,EG,ES,FI,FR,GB,GR,GT,HK,HN,HU,ID,IE,IL,IS,IT,JO,KW,LB,LT,LU,LV,MA,MT,MY,NI,NL,NO,NZ,OM,PA,PE,PH,PL,PT,PY,QA,RO,SA,SG,SK,SV,TH,TN,TR,TW,US,UY,VN",67.0,0.38406827880512084,0.5168044668742618,0.6363636363636364,0.6414507151834342,1.0,0.10162412993039441,0.3813817215436114,0.0,0.08886017800746482,0.16260162601626016,0.01676110116346574,74.0,"indie folk,neo mellow"
96,Snow Patrol,3rIZMv9rysU7JkLzEaC5Jp,Chasing Cars,11bD1JtSjlIgKgZG2134DZ,"AE,AR,AU,BH,BO,BR,CA,CL,CO,CR,DO,DZ,EC,GT,HK,HN,ID,IN,JO,KW,LB,MA,MX,MY,NI,OM,PA,PE,PH,PY,QA,SA,SG,SV,TH,TN,TR,TW,US,VN,ZA",79.0,0.864864864864865,0.5747879308493503,0.0,0.5275599976060806,0.0,0.018097447795823667,0.13790527073222877,0.00033191035218783346,0.07594028136663797,0.5156794425087107,0.29455386854390997,69.0,"album rock,hard rock,rock,soft rock"
97,Skrillex,5he5w2lnU9x7JFhnwcekXX,Bangarang (feat. Sirah),6VRhkROS2SZHGlp0pxndbJ,"AD,AE,AR,AT,AU,BE,BG,BH,BO,BR,CA,CH,CL,CO,CR,CY,CZ,DE,DK,DO,DZ,EC,EE,EG,ES,FI,FR,GB,GR,GT,HK,HN,HU,ID,IE,IL,IS,IT,JO,JP,KW,LB,LI,LT,LU,LV,MA,MC,MT,MX,MY,NI,NL,NO,NZ,OM,PA,PE,PH,PL,PS,PT,PY,QA,RO,SA,SE,SG,SK,SV,TH,TN,TR,TW,US,UY,VN,ZA",72.0,0.15220483641536275,0.7573284655857404,0.0,0.7649171105392305,0.0,0.03990719257540603,0.01480859302587308,0.0,0.08383577375825438,0.026713124274099886,0.40602745550132047,63.0,"folk-pop,indie folk,indie pop,indie rock,modern rock,stomp and holler"
98,The Strokes,0epOFNiUfyON9EYx7Tpr6V,Last Nite,3SUusuA9jH1v6PVwtYMbdv,"AD,AE,AR,AT,AU,BE,BG,BH,BO,BR,CA,CH,CL,CO,CR,CY,CZ,DE,DK,DO,DZ,EC,EE,EG,ES,FI,FR,GR,GT,HK,HN,HU,ID,IL,IN,IS,IT,JO,JP,KW,LB,LI,LT,LU,LV,MA,MC,MT,MX,MY,NI,NL,NO,NZ,OM,PA,PE,PH,PL,PS,PT,PY,QA,RO,SA,SE,SG,SK,SV,TH,TN,TR,TW,US,UY,VN,ZA",69.0,0.5732574679943101,0.7981316439385805,0.9090909090909092,0.9129211802022863,1.0,0.01995359628770301,0.05169579780545165,0.01889007470651014,0.09560723514211886,0.3414634146341463,0.41866777862264615,78.0,"electropop,modern alternative rock,modern rock,pop"
99,Off The Record Karaoke,5nwMOS9spMPjD1w6AruPKl,Last Nite (In the Style of The Strokes) [Karaoke Version],0OxhAhMwtjJ3uogkhS70A0,"AD,AE,AR,AT,AU,BE,BG,BH,BO,BR,CA,CH,CL,CO,CR,CY,CZ,DE,DK,DO,DZ,EC,EE,EG,ES,FI,FR,GB,GR,GT,HK,HN,HU,ID,IE,IL,IN,IS,IT,JO,JP,KW,LB,LI,LT,LU,LV,MA,MC,MT,MX,MY,NI,NL,NO,NZ,OM,PA,PE,PH,PL,PS,PT,PY,QA,RO,SA,SE,SG,SK,SV,TH,TN,TR,TW,US,UY,VN,ZA",1.0,0.8506401137980085,0.6123698056480189,0.0,0.7495960260937221,1.0,0.09582366589327146,0.5851495666432664,0.816435432230523,0.031294860752225095,0.8339140534262486,0.38530092308698605,28.0,
100,The Cranberries,7t0rwkOPGlDPEhaOcVtOt9,Zombie,2IZZqH4K02UIYg5EohpNHF,"AD,AE,AR,AT,AU,BE,BG,BH,BO,BR,CA,CH,CL,CO,CR,CY,CZ,DE,DK,DO,DZ,EC,EE,EG,ES,FI,FR,GB,GR,GT,HK,HN,HU,ID,IE,IL,IN,IS,IT,JO,JP,KW,LB,LI,LT,LU,LV,MA,MC,MT,MX,MY,NI,NL,NO,NZ,OM,PA,PE,PH,PL,PS,PT,PY,QA,RO,SA,SE,SG,SK,SV,TH,TN,TR,TW,US,UY,VN,ZA",81.0,0.67425320056899,0.6252550198647051,0.6363636363636364,0.7890358489436832,0.0,0.022041763341067284,0.2758404274150722,0.0,0.184610967556704,0.46457607433217185,0.40175133066790936,6.0,indie anthem-folk
101,TOTO,0PFtn5NtBbbUNbU9EAmIWF,Africa,2374M0fQpWi3dLnB54qaLX,"AD,AE,AR,AT,AU,BE,BG,BH,BO,BR,CA,CH,CL,CO,CR,CY,CZ,DE,DK,DO,DZ,EC,EE,EG,ES,FI,FR,GB,GR,GT,HK,HN,HU,ID,IE,IL,IN,IS,IT,JO,JP,KW,LB,LI,LT,LU,LV,MA,MC,MT,MX,MY,NI,NL,NO,NZ,OM,PA,PE,PH,PL,PS,PT,PY,QA,RO,SA,SE,SG,SK,SV,TH,TN,TR,TW,US,UY,VN,ZA",85.0,0.8819345661450925,0.4792225920755932,0.4545454545454546,0.522472918786283,0.0,0.027610208816705333,0.00854926280973496,0.0014941302027748132,0.06962388745334482,0.4018583042973287,0.3854726221720751,68.0,tropical house
102,Green Day,7oPftvlwr6VrsViSDV7fJY,Basket Case,6L89mwZXSOwYl76YXfX13s,"AD,AE,AR,AT,AU,BE,BG,BH,BO,BR,CA,CH,CL,CO,CR,CY,CZ,DE,DK,DO,DZ,EC,EE,EG,ES,FI,FR,GB,GR,GT,HK,HN,HU,ID,IE,IL,IS,IT,JO,JP,KW,LB,LI,LT,LU,LV,MA,MC,MT,MX,MY,NI,NL,NO,NZ,OM,PA,PE,PH,PL,PT,PY,QA,RO,SA,SE,SG,SK,SV,TH,TN,TR,TW,US,UY,VN,ZA",80.0,0.5689900426742531,0.4824438956297648,0.0,0.36830450655335456,1.0,0.01716937354988398,0.17343402321114296,0.0022625400213447167,0.23054837783519955,0.15447154471544716,0.3914984424440139,15.0,karaoke
103,Pixies,6zvul52xwTWzilBZl6BUbT,Where Is My Mind?,6mcxQ1Y3uQRU0IHsvdNLH1,"AD,AE,AR,AT,AU,BE,BG,BH,BO,BR,CA,CH,CL,CO,CR,CY,CZ,DE,DK,DO,DZ,EC,EE,EG,ES,FI,FR,GB,GR,GT,HK,HN,HU,ID,IE,IL,IN,IS,IT,JO,JP,KW,LB,LI,LT,LU,LV,MA,MC,MT,MX,MY,NI,NL,NO,NZ,OM,PA,PE,PH,PL,PS,PT,PY,QA,RO,SA,SE,SG,SK,SV,TH,TN,TR,TW,US,UY,VN,ZA",75.0,0.35704125177809387,0.6682057339203263,0.09090909090909091,0.696271470465019,1.0,0.011832946635730847,0.033826925235174214,4.749199573105656e-06,0.13149583692219352,0.2717770034843205,0.8256436671654116,74.0,"electropop,indie pop,indietronica,metropopolis,modern rock,neo-synthpop,shimmer pop"
104,Robin Thicke,0ZrpamOxcZybMHGg1AYtHP,Blurred Lines,0n4bITAu0Y0nigrz3MFJMb,"AD,AE,AR,AT,AU,BE,BG,BH,BO,BR,CA,CH,CL,CO,CR,CY,CZ,DE,DK,DO,DZ,EC,EE,EG,ES,FI,FR,GB,GR,GT,HK,HN,HU,ID,IE,IL,IN,IS,IT,JO,KW,LB,LI,LT,LU,LV,MA,MC,MT,MX,MY,NI,NL,NO,NZ,OM,PA,PE,PH,PL,PS,PT,PY,QA,RO,SA,SE,SG,SK,SV,TH,TN,TR,TW,US,UY,VN,ZA",75.0,0.4836415362731151,0.04649414796520991,0.0,0.11472858938296726,1.0,0.13781902552204175,0.9999999999999999,0.0,0.10996267585414873,0.23577235772357724,0.014578069938760652,79.0,"acoustic pop,neo mellow,pop,pop rock"
105,Red Hot Chili Peppers,0L8ExT028jH3ddEcZwqJJ5,Under the Bridge,3d9DChrdc6BOeFsbrZ3Is0,"AD,AE,AR,AT,AU,BE,BG,BH,BO,BR,CA,CH,CL,CO,CR,CY,CZ,DE,DK,DO,DZ,EC,EE,EG,ES,FI,FR,GB,GR,GT,HK,HN,HU,ID,IE,IL,IS,IT,JO,JP,KW,LB,LT,LU,LV,MA,MC,MT,MX,MY,NI,NL,NO,NZ,OM,PA,PE,PH,PL,PT,PY,QA,RO,SA,SE,SG,SK,SV,TH,TN,TR,TW,US,UY,VN,ZA",82.0,0.4509246088193457,0.7498120906260066,0.0,0.33676461787060874,0.0,0.021345707656612527,0.000985818384959049,0.0001237993596584845,0.4358311800172265,0.46573751451800227,0.5180079635670894,76.0,"dance rock,new romantic,new wave,permanent wave,rock"
106,will.i.am,085pc2PYOi8bGKj0PNjekA,Scream & Shout,2iJuuzV8P9Yz0VSurttIV5,"AD,AE,AR,AT,AU,BE,BG,BH,BO,BR,CA,CH,CL,CO,CR,CY,CZ,DE,DK,DO,DZ,EC,EE,EG,ES,FI,FR,GB,GR,GT,HK,HN,HU,ID,IE,IL,IN,IS,IT,JO,KW,LB,LI,LT,LU,LV,MA,MC,MT,MX,MY,NI,NL,NO,NZ,OM,PA,PE,PH,PL,PT,PY,QA,RO,SA,SE,SG,SK,SV,TH,TN,TR,TW,US,UY,VN,ZA",73.0,0.7624466571834992,0.689681090948137,0.0,0.5374349153150998,1.0,0.013225058004640376,0.028497612363337085,0.8089647812166488,0.1716910709158771,0.849012775842044,0.3037356815227257,11.0,
107,Gorillaz,3AA28KZvwAUcZuOKwyblJQ,Feel Good Inc.,0d28khcov6AiegSCpG5TuT,"AD,AE,AR,AT,AU,BE,BG,BH,BO,BR,CA,CH,CL,CO,CR,CY,CZ,DE,DK,DO,DZ,EC,EE,EG,ES,FI,FR,GB,GR,GT,HK,HN,HU,ID,IE,IL,IS,IT,JO,JP,KW,LB,LT,LU,LV,MA,MC,MT,MX,MY,NI,NL,NO,NZ,OM,PA,PE,PH,PL,PT,PY,QA,RO,SA,SE,SG,SK,SV,TH,TN,TR,TW,US,UY,VN,ZA",81.0,0.6685633001422475,0.6993450016106517,0.8181818181818182,0.6990843258124366,1.0,0.03642691415313224,0.07886484381873897,0.0,0.3396497272466265,0.5423925667828108,0.44631950746891025,82.0,"metropopolis,modern rock,pop"
108,Hozier,2FXC3k01G6Gw61bmprjgqS,Take Me to Church,1CS7Sd1u5tWkstBhpssyjP,"AU,CA,US",77.0,0.768136557610242,0.924836250402663,0.9090909090909092,0.7798192590819321,1.0,0.4686774941995359,0.25180627132639494,0.0,0.69710020097617,0.6236933797909406,0.11562706958718627,92.0,"detroit hip hop,g funk,hip hop,rap"
109,Empire of the Sun,67hb7towEyKvt5Z8Bx306c,Walking On A Dream,5r5cp9IpziiIsR6b93vcnQ,"AD,AE,AR,AT,AU,BE,BG,BH,BO,BR,CA,CH,CL,CO,CR,CY,CZ,DE,DK,DO,DZ,EC,EE,EG,ES,FI,FR,GB,GR,GT,HK,HN,HU,ID,IE,IL,IN,IS,IT,JO,JP,KW,LB,LI,LT,LU,LV,MA,MC,MT,MX,MY,NI,NL,NO,NZ,OM,PA,PE,PH,PL,PS,PT,PY,QA,RO,SA,SE,SG,SK,SV,TH,TN,TR,TW,US,UY,VN,ZA",72.0,0.7752489331436699,0.8389348222914206,0.6363636363636364,0.7362499251900174,0.0,1.0,0.7387591729491603,0.0,0.19896640826873385,0.5969802555168409,0.1155616604119144,7.0,
110,Lana Del Rey,00FQb4jTyendYWaN8pK0wa,Video Games - Remastered,24jvD83UgLmrdGjhWTFslY,"CA,CR,MX,US",65.0,0.8477951635846374,0.7175990550842908,0.6363636363636364,0.6753845233107907,0.0,0.6682134570765662,0.1807487663685665,0.0,0.07522250933103647,0.5226480836236933,0.058475802693222834,0.0,
111,The Smashing Pumpkins,40Yq4vzPs9VNUrIBG5Jr2i,1979 - Remastered 2012,5QLHGv0DfpeXLNFo7SFEy1,"AD,AE,AR,AT,AU,BE,BG,BH,BO,BR,CA,CH,CL,CO,CR,CY,CZ,DE,DK,DO,DZ,EC,EE,EG,ES,FI,FR,GB,GR,GT,HK,HN,HU,ID,IE,IL,IN,IS,IT,JO,JP,KW,LB,LI,LT,LU,LV,MA,MC,MT,MX,MY,NI,NL,NO,NZ,OM,PA,PE,PH,PL,PS,PT,PY,QA,RO,SA,SE,SG,SK,SV,TH,TN,TR,TW,US,UY,VN,ZA",75.0,0.7567567567567567,0.7347793407065393,0.0,0.704111556646119,1.0,0.00324825986078886,0.08597059431452181,0.0,0.43870226815963254,0.5760743321718931,0.45065286533068416,79.0,"dance pop,pop,pop rap"
112,The Contortionist,7nCgNmfYJcsVy3vOOzExYS,1979 (Smashing Pumpkins Cover),4Dclwpxj1dM3TXyMUfPDkc,"AD,AE,AR,AT,AU,BE,BG,BH,BO,BR,CA,CH,CL,CO,CR,CY,CZ,DE,DK,DO,DZ,EC,EE,EG,ES,FI,FR,GB,GR,GT,HK,HN,HU,ID,IE,IL,IN,IS,IT,JO,JP,KW,LB,LI,LT,LU,LV,MA,MC,MT,MX,MY,NI,NL,NO,NZ,OM,PA,PE,PH,PL,PS,PT,PY,QA,RO,SA,SE,SG,SK,SV,TH,TN,TR,TW,US,UY,VN,ZA",45.0,0.7183499288762448,0.9033608933748524,0.7272727272727273,0.9217188341612306,1.0,0.00904872389791183,0.008904550334524102,2.7214514407684096e-05,0.16020671834625322,0.8524970963995354,0.43398987793012667,70.0,"candy pop,dance pop,electropop,metropopolis,pop,swedish electropop,swedish synthpop"
113,Miley Cyrus,5YGY8feqx7naU7z4HrwZM6,We Can't Stop,2y4lAQpi5VTNLu2ldeTdUH,"AD,AE,AR,AT,AU,BE,BG,BH,BO,BR,CA,CH,CL,CO,CR,CY,CZ,DE,DK,DO,DZ,EC,EE,EG,ES,FI,FR,GB,GR,GT,HK,HN,HU,ID,IE,IL,IN,IS,IT,JO,JP,KW,LB,LI,LT,LU,LV,MA,MC,MT,MX,MY,NI,NL,NO,NZ,OM,PA,PE,PH,PL,PS,PT,PY,QA,RO,SA,SE,SG,SK,SV,TH,TN,TR,TW,US,UY,VN,ZA",78.0,0.503556187766714,0.5672715558896168,0.8181818181818182,0.8075288766533006,1.0,0.006032482598607884,0.2183674454638874,5.421558164354322e-05,0.14010910134941143,0.03716608594657375,0.2548423230068598,72.0,"irish rock,modern rock,neo mellow,permanent wave,pop rock,rock"
114,Johnny Cash,6kACVPfCOnqzgfEF5ryl0x,Hurt,28cnXtME493VX9NOw9cIUh,"AD,AE,AR,AT,AU,BE,BG,BH,BO,BR,CA,CH,CL,CO,CR,CY,CZ,DE,DK,DO,DZ,EC,EE,EG,ES,FI,FR,GB,GR,GT,HK,HN,HU,ID,IE,IL,IN,IS,IT,JO,JP,KW,LB,LI,LT,LU,LV,MA,MC,MT,MX,MY,NI,NL,NO,NZ,OM,PA,PE,PH,PL,PS,PT,PY,QA,RO,SA,SE,SG,SK,SV,TH,TN,TR,TW,US,UY,VN,ZA",76.0,0.7211948790896158,0.9753033394180177,0.6363636363636364,0.9433239571488421,1.0,0.39675174013921116,0.015122082018334088,3.436499466382071e-05,0.40568475452196384,0.5481997677119629,0.3039809659299959,80.0,"brostep,complextro,edm,electro,pop"
115,I Am Johnny Cash,7izCRu68MVxck3LDBy0t6l,Hurt,0v5aYLzfX4QxxzX2KhYKKU,"AD,AE,AR,AT,AU,BE,BG,BH,BO,BR,CA,CH,CL,CO,CR,CY,CZ,DE,DK,DO,DZ,EC,EE,EG,ES,FI,FR,GB,GR,GT,HK,HN,HU,ID,IE,IL,IN,IS,IT,JO,JP,KW,LB,LI,LT,LU,LV,MA,MC,MT,MX,MY,NI,NL,NO,NZ,OM,PA,PE,PH,PL,PS,PT,PY,QA,RO,SA,SE,SG,SK,SV,TH,TN,TR,TW,US,UY,VN,ZA",5.0,0.5903271692745377,0.8969182862665092,0.0,0.7393620204680114,1.0,0.010440835266821331,0.02327279582232029,0.00016542155816435432,0.09058283089290842,0.8048780487804879,0.2551611927363111,75.0,"alternative rock,garage rock,indie pop,indie rock,modern rock,permanent wave,rock"
116,MAGIC!,0DxeaLnv6SyYk2DOqkLO8c,Rude,6RtPijgfPKROxEzTHNRiDp,"AD,AE,AR,AT,AU,BE,BG,BH,BO,BR,CA,CH,CL,CO,CR,CY,CZ,DE,DK,DO,DZ,EC,EE,EG,ES,FI,FR,GR,GT,HK,HN,HU,ID,IE,IL,IN,IS,IT,JO,JP,KW,LB,LI,LT,LU,LV,MA,MC,MT,MX,MY,NI,NL,NO,NZ,OM,PA,PE,PH,PL,PS,PT,PY,QA,RO,SA,SE,SG,SK,SV,TH,TN,TR,TW,US,UY,VN,ZA",78.0,0.4409672830725463,0.8389348222914206,0.0,0.4897360703812318,1.0,0.011832946635730847,0.019510927912788197,0.950907150480256,0.183175423485501,0.9128919860627177,0.2548668514475867,27.0,karaoke
